id,condition,lon,lat,average_delay
4,A,90.4588610799999,23.69873866,0.0
10,A,90.4877749181818,23.6946638363636,0.0
17,C,90.5232141463513,23.7050598925675,0.0
23,B,90.5350989801047,23.6964000869109,0.0
24,A,90.5375740774869,23.6943906141361,0.0
26,A,90.5377073719626,23.6943023869158,0.0
30,A,90.5409183897196,23.6923601518691,0.0
32,B,90.5454624957575,23.6909119315151,0.0
35,A,90.5485585290816,23.6884123260204,0.0
37,A,90.548649807653,23.6883197331632,0.0
40,A,90.551207981081,23.685583027027,0.0
42,A,90.5513591765258,23.6853619779342,0.0
44,A,90.5558194349999,23.6778035,0.0
49,B,90.563856994797,23.6633090696149,0.0
55,C,90.576730225,23.6544257051136,0.0
60,B,90.5814943946902,23.6515705663716,0.0
61,A,90.57741042,23.65397226,0.0
63,B,90.5845490085483,23.6497543993548,0.0
65,B,90.5892119813559,23.6459685949152,0.0
70,A,90.5936673976923,23.6379543715384,0.0
72,B,90.597394085,23.63380522,0.0
76,A,90.6023015723077,23.6284668507692,0.0
78,B,90.6083528852459,23.6198832229508,0.0
84,A,90.6095506105882,23.6176407964705,0.0
86,B,90.6109029561497,23.613587384385,0.0
88,C,90.6155316965675,23.6027595885583,0.0
92,A,90.6279699370919,23.5929818827893,0.0
94,A,90.6302368598101,23.5908088547468,0.0
97,A,90.6345094207093,23.58631812254,0.0
100,A,90.6419193089939,23.5779800248475,0.0
106,A,90.6454159236842,23.5716306256965,0.0
109,A,90.6486237247282,23.5660033956521,0.0
116,A,90.6557475703703,23.5591910296296,0.0
120,A,90.6597414245569,23.5557082901265,0.0
122,A,90.6643538752577,23.5517421907216,0.0
124,A,90.6690554098214,23.5477377446428,0.0
127,A,90.669192065625,23.5476246437499,0.0
130,A,90.6748292125,23.54268543125,0.0
131,C,90.6784577888,23.5393910168,0.0
133,A,90.6858701078341,23.5327751898617,0.0
138,A,90.68744892596,23.5313996605222,0.0
140,A,90.6897951837349,23.5301519626506,0.0
142,A,90.7024402743,23.5303844733,0.0
152,C,90.7242807234,23.5324186,0.0
153,B,90.7291780095,23.5317587831999,0.0
159,C,90.75825325,23.5298050611,0.0
165,C,90.7800797251533,23.5307655282208,0.0
170,C,90.7918075171727,23.5308683409424,0.0
175,A,90.8110155135,23.5318234765,0.0
180,A,90.8309774761999,23.5329743291,0.0
184,C,90.8442186132,23.5229166652,0.0
188,C,90.8757204035353,23.510087758207,0.0
196,B,90.9021745389,23.5060024341,0.0
200,B,90.9214660218,23.5056131416,0.0
207,B,90.9432418928,23.5024077848,0.0
208,A,90.9473844088999,23.5013551924,0.0
213,B,90.9715772516,23.495896314,0.0
216,A,90.9887200416,23.4932728146,0.0
224,C,91.017566692647,23.4868805937254,0.0
230,B,91.0463348850746,23.4817873233065,0.0
232,B,91.0563549686842,23.4817498298684,0.0
236,A,91.0674097692,23.480613086,0.0
240,C,91.0847406393,23.4776722851,0.0
243,B,91.1070332074074,23.4781159049382,0.0
247,A,91.1238920825688,23.4794083880733,0.0
249,A,91.129047144,23.479544924,0.0
258,C,91.1493668151188,23.4436339598272,0.0
266,C,91.1678943372365,23.4212487704918,0.0
273,B,91.1939029849206,23.4119324230158,0.0
280,C,91.2234221346859,23.3976518197887,0.0
287,A,91.2450175414999,23.3713647755,0.0
296,C,91.2572910746724,23.3521636774381,0.0
300,A,91.264485636,23.342671472,0.0
305,A,91.2748792824,23.3301462324,0.0
311,A,91.2830867321701,23.3180696869138,0.0
314,B,91.2865787034735,23.3083612731261,0.0
316,B,91.2889770397351,23.3034306450331,0.0
318,A,91.2910141369942,23.2979675271676,0.0
324,A,91.2929584711155,23.2897066386454,0.0
327,B,91.2966655096899,23.2821949258397,0.0
331,B,91.3029661882,23.27301895,0.0
335,B,91.3070217386138,23.2618360940594,0.0
336,B,91.3073611,23.25941665,0.0
337,B,91.3076156494075,23.2576429774881,0.0
339,B,91.3083926405213,23.2527463398104,0.0
344,B,91.3114032292592,23.2443915125925,0.0
346,B,91.3119739539877,23.2429040619631,0.0
347,A,91.3125740860465,23.2397920309669,0.0
349,A,91.3129901976744,23.2360759516523,0.0
352,B,91.3134220678571,23.2289195919642,0.0
356,B,91.3135697177215,23.2259184472573,0.0
358,A,91.3137005933333,23.2220338977777,0.0
363,B,91.3153497403899,23.2131955721448,0.0
366,A,91.3163167282749,23.2050386287937,0.0
370,A,91.3176705069364,23.1961887953757,0.0
372,C,91.3209051317399,23.1874350254302,0.0
375,B,91.3208787514658,23.1817958149837,0.0
379,B,91.3205774642857,23.1726272318681,0.0
383,A,91.3215889464646,23.1635138669191,0.0
386,B,91.3243178772152,23.1527364949367,0.0
389,B,91.3266680470308,23.1436667679334,0.0
392,B,91.3263585348877,23.1389893200345,0.0
397,B,91.327546416481,23.1332639685968,0.0
398,A,91.3303863688888,23.1252363577777,0.0
400,B,91.3328165129032,23.1196973774193,0.0
403,B,91.335094485,23.1158251554,0.0
407,A,91.3400495436111,23.1074284451388,0.0
410,B,91.343162998913,23.1017563206521,0.0
411,B,91.3454956309091,23.0973512527272,0.0
414,A,91.3478308386627,23.0930298369186,0.0
416,B,91.3512101492753,23.0870753710144,0.0
418,A,91.3541811474383,23.0819909531309,0.0
421,B,91.3566005031331,23.0779647046997,0.0
424,B,91.3603022,23.070198184,0.0
431,B,91.3618624619047,23.0607473333333,0.0
436,A,91.3656784724359,23.0379728055555,0.0
440,A,91.3655004839721,23.0269801170731,0.0
446,A,91.3779796149837,23.0124048410423,0.0
453,A,91.3957752,22.999248756,0.0
455,A,91.4022894900763,22.9947280792802,0.0
456,A,91.4024539137404,22.9945936133042,0.0
457,A,91.4047486961832,22.9927169359869,0.0
468,B,91.4429962027027,22.9614487369369,0.0
475,A,91.4794993833333,22.9486038666666,0.0
479,B,91.502066899526,22.9496126090047,0.0
488,B,91.5262895350877,22.9149647061403,0.0
489,A,91.5289285034482,22.9097128884012,0.0
491,A,91.5316297776119,22.9042462955223,0.0
496,A,91.5354719,22.8916386,0.0
504,A,91.5408836647058,22.8746986941176,0.0
505,A,91.5415958766187,22.872722034892,0.0
506,A,91.5432963340425,22.8680563702127,0.0
508,A,91.5451551717131,22.8609876872509,0.0
509,A,91.5454799987854,22.8594847882591,0.0
512,A,91.5457188709091,22.8560565672727,0.0
514,A,91.5458221849557,22.8551475327433,0.0
517,A,91.5463706117647,22.8486172764705,0.0
520,A,91.5474689210526,22.8453914894736,0.0
521,A,91.54814955625,22.8434551375,0.0
524,A,91.5488096951841,22.8410943334277,0.0
526,A,91.5501035014577,22.8327467692419,0.0
529,A,91.5505028545871,22.8309613422018,0.0
530,C,91.5526915454128,22.8243706577981,0.0
539,B,91.5562562129411,22.811563437647,0.0
545,A,91.5629612622718,22.7941813523326,0.0
548,B,91.5691025661971,22.7821968918511,0.0
553,A,91.5728737519999,22.774197092,0.0
555,A,91.5750905211087,22.770251666098,0.0
561,A,91.5804538821192,22.7630626913907,0.0
564,A,91.5886004236585,22.7535653245121,0.0
568,A,91.5908840370689,22.7506393495689,0.0
569,B,91.5943998915364,22.7445136523437,0.0
577,A,91.6024331404452,22.723316755473,0.0
580,A,91.6057623307692,22.7178243865384,0.0
581,A,91.6061084846153,22.7172707342307,0.0
582,C,91.6082352218749,22.7138727382812,0.0
587,A,91.6149734608923,22.701816503937,0.0
591,A,91.6201690574074,22.6912517148148,0.0
596,A,91.6220385823529,22.6868697647058,0.0
599,A,91.6268169453731,22.6769772991044,0.0
603,A,91.6293531695652,22.6699594391304,0.0
606,A,91.6311293581081,22.6657838981081,0.0
608,A,91.6335257425926,22.6615956814814,0.0
613,A,91.6379261764705,22.6547124294117,0.0
615,A,91.6400341194647,22.6510709547445,0.0
617,A,91.6419171170626,22.6474561112311,0.0
623,A,91.648209240657,22.636096590965,0.0
624,A,91.6492077265913,22.6343285718685,0.0
628,A,91.6527578258312,22.6281666352941,0.0
629,B,91.6541857554217,22.6258323373493,0.0
631,A,91.6554672531531,22.6230461711711,0.0
633,A,91.6580589438735,22.6177563490118,0.0
636,A,91.6602670503268,22.6149899686274,0.0
644,A,91.6625686731182,22.6117556741935,0.0
647,A,91.6673745588235,22.6038394411764,0.0
649,B,91.6683367336134,22.6023506949579,0.0
650,B,91.671819207489,22.5971665766519,0.0
652,A,91.6738889367647,22.5938881803921,0.0
659,C,91.6770444686922,22.5870350167767,0.0
660,A,91.6795390413994,22.5815086746355,0.0
662,A,91.68162274153,22.5767930229508,0.0
668,A,91.6840096656198,22.5702905930578,0.0
670,A,91.6846866604958,22.5679968064462,0.0
672,A,91.6851826636363,22.5664212916363,0.0
675,A,91.687506242492,22.5585210862619,0.0
680,B,91.6887963149094,22.5543319776357,0.0
682,A,91.6926260603636,22.5467727210909,0.0
684,A,91.6941310785454,22.5444897756363,0.0
687,A,91.6965452744898,22.5390300234693,0.0
690,A,91.7004641228571,22.5303678038461,0.0
692,B,91.7038366163009,22.5229359167189,0.0
697,A,91.7087907889313,22.5113471164122,0.0
705,A,91.7112848218867,22.5060220437735,0.0
707,A,91.7141504905109,22.5000858335766,0.0
713,B,91.7182726733934,22.4904405976324,0.0
717,A,91.7195309517241,22.4855480068965,0.0
718,D,91.7203633632516,22.4811642144766,0.0
720,A,91.7232633541336,22.4728530893544,0.0
727,D,91.7285307,22.4624386352,0.0
729,A,91.7342823894358,22.4488628503871,0.0
733,C,91.7353674287057,22.4460793332411,0.0
735,A,91.7386659473513,22.4375035216216,0.0
737,A,91.7396527192432,22.4350737918918,0.0
744,B,91.7480209792,22.4220415536,0.0
749,A,91.75657411625,22.4030145445,0.0
755,A,91.7582551580777,22.3963398830265,0.0
756,A,91.7590882138248,22.3927175345622,0.0
760,A,91.76250565776,22.38524588272,0.0
767,A,91.7670476533333,22.3797011826666,0.0
770,A,91.7739258709219,22.3696841276595,0.0
775,C,91.8522694918171,22.3599057425992,0.0
776,B,91.852622049836,22.3522674714754,0.0
777,B,91.8533871579852,22.3395393508599,0.0
778,B,91.8538536927835,22.3357673216494,0.0
779,C,91.8533979043814,22.3349153368556,0.0
780,C,91.852759390139,22.3266451369152,0.0
781,A,91.856181916129,22.3129265129032,0.0
782,C,91.860449028,22.306457756,0.0
783,A,91.8635646970873,22.3026235524271,0.0
785,B,91.8652980307167,22.3002851293515,0.0
786,A,91.866363031514,22.2975350260563,0.0
788,A,91.8684360651053,22.2932366309133,0.0
790,A,91.8702911411764,22.2916421411764,0.0
793,A,91.8730201176733,22.2926079302013,0.0
794,A,91.876717971374,22.2944653526717,0.0
797,A,91.8807528022813,22.2962698699619,0.0
801,B,91.8873512822898,22.2988369230769,0.0
808,B,91.8992582823788,22.3021025781938,0.0
810,A,91.9044227217889,22.3035365502293,0.0
816,B,91.9142153009434,22.3083189877358,0.0
820,A,91.9203176378118,22.3137546831094,0.0
823,A,91.9243524131578,22.3157468089473,0.0
825,A,91.9339832312,22.3137565607999,0.0
834,A,91.9483886979643,22.3084394099236,0.0
839,B,91.9658457726,22.3006016043999,0.0
847,A,91.9833668252263,22.2911451997412,0.0
852,B,91.992309198,22.2859320161666,0.0
855,B,91.9995571696216,22.2811424692972,0.0
858,A,92.00559725,22.2710895749999,0.0
860,C,92.0073035838709,22.2611613745967,0.0
861,C,92.0081111238095,22.2590515857142,0.0
863,A,92.0103021287313,22.2549374824626,0.0
866,A,92.0119718729483,22.2531199613981,0.0
870,A,92.0158341025875,22.2487130149162,0.0
874,A,92.0217918336116,22.24038615762,0.0
876,A,92.0232647489208,22.2366345532374,0.0
880,B,92.0249656611111,22.2314978226851,0.0
883,B,92.0264650356979,22.2260608528604,0.0
886,A,92.0273785979591,22.2222719897959,0.0
889,A,92.0290230394174,22.2155873504854,0.0
893,D,92.03633246993,22.2071026538461,67.22659511647237
895,B,92.0383312340036,22.2049837597806,0.0
906,B,92.0532925435754,22.1739178955307,0.0
918,B,92.0682063096774,22.1586272806451,0.0
924,A,92.0696330718446,22.1498523145631,0.0
928,A,92.0699301281437,22.1369522329341,0.0
929,A,92.0701565366459,22.1325208428571,0.0
930,A,92.0706024714285,22.1299160285714,0.0
932,A,92.0710012276288,22.1277338010309,0.0
934,A,92.071701048329,22.1230775989717,0.0
935,A,92.0719705134775,22.1204875006655,0.0
937,A,92.0726869042553,22.1133524851063,0.0
941,A,92.074800422,22.09827857,0.0
945,A,92.0805047995495,22.0935775004504,0.0
948,A,92.093196937799,22.0840668315789,0.0
950,A,92.0984855314285,22.080520608,0.0
959,A,92.1042754237288,22.0695600813559,0.0
962,A,92.1055530035335,22.0679099558303,0.0
963,A,92.1071061094736,22.0637567157894,0.0
966,A,92.10773337,22.06088615,0.0
967,A,92.1090854592233,22.0565051155339,0.0
970,A,92.1090613887096,22.0519296419354,0.0
973,A,92.1081938519362,22.0483713234624,0.0
975,A,92.1070629529411,22.0440962566176,0.0
977,A,92.1039891092783,22.0375898525773,0.0
979,A,92.1041246666666,22.031864884656,0.0
980,A,92.1034293272727,22.0287013636363,0.0
983,A,92.1026967443826,22.0260045474972,0.0
984,A,92.1014277681473,22.0204980278439,0.0
988,A,92.0927765812903,22.0078200503225,0.0
993,A,92.0905686346236,22.0041726139784,0.0
995,A,92.0883193766666,22.00042964,0.0
998,A,92.0874589126142,21.9958359641681,0.0
1000,A,92.0874460645338,21.9957410021937,0.0
1002,A,92.0863582073732,21.9922334387096,0.0
1005,A,92.08568596625,21.990280244375,0.0
1006,A,92.0839943655172,21.9870408741379,0.0
1010,A,92.080773326415,21.9819040437735,0.0
1012,A,92.0788716271653,21.9804623633858,0.0
1013,A,92.0758492263157,21.979298574269,0.0
1015,A,92.0683204789577,21.9738684029498,0.0
1020,A,92.0641501117021,21.9689581196808,0.0
1022,A,92.0633168764705,21.9622138572549,0.0
1024,A,92.0652791298387,21.9592401112903,0.0
1027,A,92.0663932818182,21.9580321636363,0.0
1028,A,92.0678138084453,21.9520795406909,0.0
1031,A,92.0669286609544,21.9453993720173,0.0
1035,A,92.0625427235772,21.9360290154471,0.0
1036,A,92.0616661541501,21.9339454415019,0.0
1042,A,92.0608009579617,21.9323086726114,0.0
1044,A,92.0596840375,21.93038125,0.0
1047,A,92.0597362988034,21.9179119605128,0.0
1049,A,92.0599899313531,21.9167591663366,0.0
1054,A,92.0605472089686,21.9140727206278,0.0
1055,A,92.0605661266144,21.909622912133,0.0
1061,A,92.0597010756906,21.8910236519337,0.0
1066,A,92.0590015447779,21.8812215213685,0.0
1070,A,92.0591098413385,21.8751197401574,0.0
1074,A,92.0594848712238,21.8628351415656,0.0
1077,A,92.0601907085585,21.8599725797297,0.0
1081,A,92.0609576198894,21.8529287900552,0.0
1083,A,92.0609491344978,21.8508595323144,0.0
1087,A,92.0635984638497,21.8429700741784,0.0
1089,A,92.0649325472049,21.8403935683229,0.0
1092,A,92.0682735910828,21.8341033152866,0.0
1095,A,92.0713035547619,21.8280258214285,0.0
1096,C,92.0723466282313,21.8257831806122,0.0
1098,A,92.0740201388781,21.8211428750483,0.0
1100,A,92.0739442353591,21.8181692602209,0.0
1104,A,92.0772322128205,21.8034238025641,0.0
1109,A,92.0788540064516,21.787854008387,0.0
1111,A,92.0789493159999,21.786997484,0.0
1114,B,92.0792425355555,21.7841953311111,0.0
1118,A,92.0839144733333,21.7735339222222,0.0
1121,C,92.0821099546075,21.7715943354948,129.70676988895622
1132,B,92.0826243745664,21.7401466184971,0.0
1136,A,92.0831876319149,21.7385629191489,0.0
1137,A,92.0837488330882,21.7326068595588,0.0
1138,A,92.0838156441988,21.7309878314917,0.0
1141,A,92.083544148476,21.7240739341074,0.0
1147,A,92.0806750603415,21.7092513759013,0.0
1153,A,92.0786456251612,21.7028300370967,0.0
1161,A,92.0768074748201,21.676279289928,0.0
1162,A,92.0763992531915,21.6721049602836,0.0
1164,A,92.075071645953,21.6629404415143,0.0
1170,A,92.0751025664772,21.6600543017045,0.0
1175,C,92.0735619202531,21.6508560658227,0.0
1176,A,92.0733292227091,21.6480847609561,0.0
1182,B,92.0737034768392,21.6225351880109,0.0
1184,B,92.0691713375939,21.618376660401,0.0
1187,A,92.0623070695106,21.6065189670012,0.0
1188,A,92.0621198087829,21.6051753127979,0.0
1193,A,92.061801241206,21.5985935301507,0.0
1194,A,92.0614095408637,21.5960736973421,0.0
1198,A,92.0630313509804,21.5894309740196,0.0
1200,C,92.0649047857142,21.5876028,0.0
1203,A,92.0657158465116,21.5830741250341,0.0
1208,A,92.0707446712247,21.5744075162901,0.0
1210,A,92.0698139251851,21.5623201688888,0.0
1213,A,92.0691476,21.5603042595174,0.0
1214,A,92.0689481,21.5594892512064,0.0
1216,A,92.0679503244898,21.5554256122448,0.0
1220,C,92.0668953754098,21.5470666065573,0.0
1229,A,92.0653252244186,21.5255297395348,0.0
1231,A,92.0655747598837,21.5237332279069,0.0
1232,A,92.0661440629629,21.5207709407407,0.0
1233,A,92.0666746302702,21.5195088091891,0.0
1235,A,92.069340890566,21.5137419731132,0.0
1237,A,92.0708606554687,21.5104396976562,0.0
1240,A,92.0733026419014,21.5065069274647,0.0
1242,A,92.0744452552816,21.5051319429577,0.0
1245,A,92.0776785856353,21.4957534922651,0.0
1246,A,92.0783346952486,21.4948695143646,0.0
1256,A,92.0947151779329,21.4782130684357,0.0
1258,A,92.0967866511999,21.4755164496,0.0
1259,A,92.0980125862068,21.4738446327586,0.0
1260,A,92.1006402232209,21.470055530337,0.0
1263,B,92.1026566882833,21.4655415307901,0.0
1272,A,92.0994681432432,21.4505569351351,0.0
1276,A,92.1012678785714,21.4433865625,0.0
1278,A,92.1007083571428,21.4418389714285,0.0
1280,A,92.0983672723837,21.4372009552325,0.0
1282,A,92.0972607067114,21.4342084624161,0.0
1283,A,92.0961182921397,21.4308087593886,0.0
1285,A,92.0953913860759,21.4288400316455,0.0
1286,A,92.0940714267605,21.4283515971831,0.0
1287,A,92.089450816,21.427895984,0.0
1290,A,92.0840258231884,21.4271063768115,0.0
1291,A,92.0804427367187,21.4267747132812,0.0
1293,A,92.0767771,21.4264716,0.0
1296,A,92.0708934808429,21.4273654498084,0.0
1298,A,92.0634431893129,21.4271759977099,0.0
1300,A,92.0610656669201,21.4273089357414,0.0
1304,A,92.0579673860534,21.4278354522255,0.0
1305,A,92.0557570361344,21.4280296848739,0.0
1306,A,92.0532281715517,21.4280584948275,0.0
1308,A,92.0486482172786,21.4275245,0.0
1311,A,92.0443807192307,21.4294452102564,0.0
1313,A,92.0395945696,21.4297884,0.0
1319,C,92.0318887491712,21.4294033629834,67.92435366885506
1322,A,92.0296206984962,21.4303257834586,0.0
1323,A,92.0283434956521,21.4301539217391,0.0
1324,A,92.0238834076672,21.426498621044,0.0
1326,C,92.0267879589347,21.423063061512,0.0
1328,C,92.0272924520618,21.4226721680412,0.0
1334,C,92.031682906015,21.4194017834586,0.0
1336,B,92.0347260730512,21.4170232427616,0.0
1337,C,92.0359357093406,21.4161167631868,0.0
1340,A,92.0386736859574,21.4142599314893,0.0
1343,A,92.0395268517711,21.4124968430517,0.0
1344,B,92.0443379558282,21.4110029325153,0.0
1346,B,92.0480366814814,21.4102488567901,0.0
1348,A,92.0496622239999,21.4102981858461,0.0
1349,A,92.0518884435897,21.4099236838827,0.0
1352,A,92.0550238095238,21.4088399161904,0.0
1353,A,92.0560124923076,21.4079574071005,0.0
1355,D,92.0580467784983,21.4063607143344,0.0
1360,A,92.0618387037313,21.4041499171641,0.0
1361,A,92.0647406251559,21.402009374844,0.0
1364,C,92.0660829174905,21.4001878992395,0.0
1365,C,92.0665265524714,21.3987858977186,0.0
1368,A,92.0675884137931,21.3950144227586,0.0
1370,C,92.0684757008264,21.3908555107438,0.0
1373,C,92.0689623,21.3888052,0.0
1374,B,92.0697162891891,21.3874538459459,0.0
1377,C,92.0702884892045,21.386218603409,0.0
1379,C,92.0704543196078,21.3856411333333,0.0
1380,B,92.0705223447368,21.3844064618421,0.0
1381,B,92.0708809157894,21.3831050828947,0.0
1382,A,92.0709510842105,21.3829076671052,0.0
1385,A,92.0709982664804,21.3808422435754,0.0
1386,B,92.0706130385474,21.3796187798882,0.0
1388,A,92.0704913857142,21.3793128,0.0
1390,C,92.0703548240259,21.3778510915584,0.0
1391,A,92.0711223285714,21.3768882285714,0.0
1392,A,92.0717458313186,21.3762792890109,0.0
1393,C,92.0730282999999,21.3750850565217,0.0
1396,A,92.0740615132948,21.3745372352601,0.0
1398,A,92.0748617416184,21.3743800190751,0.0
1399,C,92.0766236613924,21.3737957588607,0.0
1400,C,92.0778930973799,21.3724168458515,0.0
1401,A,92.0790672786407,21.3706902708737,0.0
1402,A,92.0796434824427,21.3697436389312,0.0
1404,A,92.0800514992366,21.3686452190839,0.0
1406,B,92.0804686731343,21.367599241791,0.0
1408,C,92.0813617278145,21.3649267960264,0.0
1410,B,92.0813316052785,21.3641002252199,0.0
1411,B,92.0805440936915,21.3613004264018,0.0
1414,A,92.0801526114486,21.3604702002336,0.0
1415,A,92.0798025359813,21.3597277864485,0.0
1417,C,92.0793395329439,21.3587458843457,0.0
1419,A,92.0790827,21.3562553024,0.0
1423,C,92.0784342935251,21.3500251952038,0.0
1426,C,92.0789703396261,21.3453322117757,0.0
1430,A,92.0788538753271,21.3420893171962,0.0
1432,B,92.0789637010654,21.3365566114155,0.0
1435,C,92.0790428645357,21.3338390771689,0.0
1442,C,92.0819708735826,21.3269177037394,0.0
1445,C,92.0857429782352,21.3237869258823,0.0
1449,D,92.0888836352941,21.3211087823529,0.0
1452,B,92.0894967632047,21.3205831278931,0.0
1455,C,92.0939592732117,21.3162096661991,0.0
1459,B,92.0972648315789,21.308226843421,0.0
1470,C,92.0968487459459,21.3035165189189,0.0
1472,D,92.0974772590991,21.2997453619819,0.0
1483,A,92.0999549688796,21.2887748,0.0
1485,B,92.1000623912863,21.28755005,0.0
1489,A,92.1005546348993,21.2837382315436,0.0
1495,A,92.1044223449799,21.2740057908634,0.0
1497,A,92.1044785698795,21.2738921701807,0.0
1499,A,92.1056070839357,21.271611640763,0.0
1500,C,92.1091529913941,21.2676412724612,0.0
1502,C,92.1098720509466,21.2671335430292,0.0
1505,C,92.1120674774526,21.2655833478485,0.0
1507,C,92.1189860875524,21.2600473697902,0.0
1509,A,92.1207179843356,21.2586242226573,0.0
1512,A,92.1224165035714,21.2570550964285,0.0
1515,A,92.1243872108786,21.2552064351464,0.0
1517,C,92.12659709,21.2538028,0.0
1520,C,92.1307493,21.2504537,0.0
1524,C,92.1328410912932,21.2489644871959,0.0
1525,B,92.1373042073333,21.2457262593333,0.0
1538,A,92.1607571460396,21.2308784786138,0.0
1539,C,92.1613561450495,21.2293155332673,0.0
1542,B,92.1617032590909,21.2215199757575,0.0
1544,C,92.162077758,21.218960082,0.0
1547,C,92.16248399175,21.21737604825,0.0
1550,A,92.1636641564356,21.2160115861386,0.0
1552,A,92.1655512030612,21.2149359632653,0.0
1554,A,92.1664067448979,21.2144308612244,0.0
1558,A,92.1700180179104,21.2063047283582,0.0
1560,A,92.1703567258064,21.2043409872865,0.0
1565,A,92.1704006677419,21.2019671732447,0.0
1567,C,92.1705772646017,21.197632418584,0.0
1569,A,92.1705074661157,21.1953155305785,0.0
1574,A,92.1680703199233,21.1907730988505,0.0
1576,D,92.1658773557987,21.1888919350109,0.0
1579,A,92.1593026449213,21.1839744314735,0.0
1581,C,92.1578310562231,21.1797067107296,0.0
1582,B,92.1570372113402,21.177417156701,0.0
1583,D,92.1562526135802,21.1754208098765,37.56901312789354
1585,A,92.1552940329787,21.1724828063829,0.0
1586,B,92.1547387765432,21.1703723502057,0.0
1587,B,92.153662396129,21.1688213638709,0.0
1588,A,92.1531459818181,21.168232930909,0.0
1589,B,92.1523376486166,21.1666653482213,0.0
1591,C,92.1522082019762,21.1655725596837,0.0
1594,A,92.152190071875,21.16498780625,0.0
1595,C,92.1523314669491,21.1619757444915,0.0
1596,A,92.1525257175926,21.1602045009259,0.0
1597,C,92.1525195633802,21.1584534746478,0.0
1600,C,92.1534145867924,21.1524632792452,0.0
1602,C,92.1552156215613,21.1498906490706,0.0
1605,C,92.1570426250929,21.1477676743494,0.0
1608,B,92.159429216129,21.1425462548387,0.0
1611,C,92.1605222283582,21.1408647661691,0.0
1614,A,92.1615530950248,21.140210455058,0.0
1616,A,92.1636379074626,21.1388871840796,0.0
1617,A,92.1651978,21.1380664956896,0.0
1618,C,92.1663534195121,21.1379210829268,0.0
1620,D,92.1680587053435,21.1376124564885,0.0
1624,C,92.1700112125461,21.1373350498154,0.0
1625,C,92.1745027796875,21.1366125359375,0.0
1627,A,92.1760569938967,21.1360412976525,0.0
1629,C,92.1779379605263,21.1349149157894,0.0
1631,A,92.179158717004,21.1342388024291,0.0
1633,B,92.1846917362069,21.1318968873563,0.0
1637,C,92.1868158522522,21.1299737216216,0.0
1638,B,92.1870470012012,21.1297680981982,0.0
1639,A,92.187903612012,21.1290060819819,0.0
1640,A,92.1886718423423,21.1283226864864,0.0
1641,B,92.1891953267267,21.1278570099099,0.0
1644,A,92.1913674700296,21.125103688724,0.0
1645,A,92.1921588880597,21.1237604940298,0.0
1648,C,92.1927223495575,21.1229108079646,0.0
1651,A,92.1929605601769,21.1225347168141,0.0
1652,B,92.1935169658823,21.1215698917647,0.0
1655,A,92.1962922290155,21.1184609383419,0.0
1657,A,92.1970744923076,21.1159743461538,0.0
1659,B,92.1980208315649,21.1145580496021,0.0
1661,A,92.2005928021276,21.1118930148936,0.0
1666,A,92.2020956942857,21.1108101507936,0.0
1668,A,92.2033796485714,21.1098838904761,0.0
1669,A,92.2048378697674,21.108771344186,0.0
1671,A,92.2053339813953,21.1083165348837,0.0
1674,A,92.2061073045454,21.1078333,0.0
1677,C,92.20739816,21.1052944333333,0.0
1678,C,92.2079394552325,21.1020295703488,37.39922994142043
1681,A,92.208578050909,21.1005774145454,0.0
1682,A,92.2096579157894,21.0988710315789,0.0
1684,A,92.2114600974937,21.0950312659147,0.0
1687,A,92.2116762629072,21.0944452155388,0.0
1688,A,92.2123111474683,21.0923827310126,0.0
1690,A,92.2128845902127,21.0905260238297,0.0
1693,A,92.213695567052,21.088867034104,0.0
1694,A,92.2148363748555,21.0869591497109,0.0
1696,A,92.2151111,21.0864997,0.0
1698,A,92.2159198454545,21.0844125039525,0.0
1701,A,92.2166012177177,21.0822419459459,0.0
1704,A,92.2174040714285,21.0804429857142,0.0
1706,A,92.2181232950191,21.079224345977,0.0
1709,A,92.2199300692307,21.077282565,0.0
1711,C,92.2214353972973,21.0757171602316,0.0
1714,A,92.2222489445205,21.0741777849315,0.0
1716,A,92.2235128087912,21.0724929467032,0.0
1718,B,92.2242923685897,21.071231875641,0.0
1719,C,92.2245687666666,21.0695363333333,0.0
1722,A,92.2245345498084,21.0650398482758,0.0
1724,B,92.2263822093137,21.0598736617647,0.0
1730,C,92.226509045614,21.0579897631578,15.038198108760227
1732,D,92.2266452831521,21.0562943527173,0.0
1735,C,92.2274586981481,21.0542867597222,0.0
1736,C,92.2296964950617,21.0519406592592,15.001660787711884
1742,C,92.233513137037,21.0508486063492,0.0
1745,C,92.23512063937,21.0464598480314,0.0
1750,C,92.2367552062972,21.0422652012594,0.0
1752,C,92.2376541207407,21.0404408514814,0.0
1753,A,92.2390520348148,21.0376449596296,0.0
1758,B,92.2407063719557,21.0340308457564,0.0
1765,A,92.2415858245762,21.0279544680791,0.0
1768,A,92.2418041698564,21.0256598717703,0.0
1771,A,92.2428140276859,21.0198087471074,0.0
1774,A,92.2438384763284,21.0173417560386,0.0
1775,A,92.2447567,21.015929034375,0.0
1780,C,92.2495377240506,21.0097686468354,0.0
1784,B,92.252279838915,21.0058252962264,0.0
1787,C,92.2537214265168,20.9994058966292,0.0
1794,C,92.2545712327493,20.9893582625336,0.0
1799,C,92.2521134830717,20.9813317189461,0.0
1806,A,92.2512228468609,20.9790279773542,0.0
1809,A,92.2499898655052,20.9759372216027,0.0
1810,C,92.2493761152148,20.9732781770034,0.0
1813,A,92.2486529011494,20.9691570827586,0.0
1815,B,92.2489720949579,20.967853415126,0.0
1817,A,92.2508723928783,20.9655685949554,0.0
1818,A,92.2514288706231,20.9649678916913,0.0
1819,A,92.2518817702786,20.9641892820433,0.0
1822,A,92.2532539928571,20.9614231446428,0.0
1823,C,92.2537187390728,20.9599449953642,0.0
1825,A,92.2546526588235,20.9571000129411,0.0
1827,A,92.2555312529762,20.9549388422619,0.0
1829,A,92.2584208880478,20.9491451322709,0.0
1831,A,92.2592633282608,20.9481536869565,0.0
1834,A,92.2597883075757,20.9470947924242,0.0
1835,A,92.2603333,20.9458507925133,0.0
1837,C,92.260596812234,20.9427885228723,0.0
1840,B,92.26237497,20.93730526,0.0
1844,B,92.2636134,20.9324260319587,0.0
1847,B,92.263712625,20.9318757724226,0.0
1848,A,92.2639787999999,20.9303996793814,0.0
1849,C,92.264301196875,20.9281373875,0.0
1850,D,92.2649451585301,20.9253890280839,0.0
1852,C,92.2674528079245,20.9209276456603,0.0
1855,A,92.26870765,20.9188881999999,0.0
1856,A,92.2691008942857,20.91799614,0.0
1857,A,92.2698571431372,20.9167064980392,0.0
1859,B,92.2707239706896,20.9153707224137,0.0
1861,A,92.2712067017241,20.9146350810344,0.0
1862,B,92.2727211220339,20.9126751559322,0.0
1863,A,92.2733424008968,20.9116242986547,0.0
1864,A,92.2741396026905,20.9104284959641,0.0
1865,A,92.2745431860986,20.909823120852,0.0
1866,A,92.2747873291479,20.909456906278,0.0
1868,A,92.2756905852941,20.908032127731,0.0
1871,A,92.2760590529411,20.9074479630252,0.0
1873,A,92.2770855585365,20.9059771479674,0.0
1875,A,92.2775738958904,20.9053051369863,0.0
1877,A,92.2780768381443,20.9045718551546,0.0
1878,C,92.2786932329896,20.9036912639175,15.130389223097756
1879,B,92.2790446582524,20.9032027737864,0.0
1880,B,92.2798735897106,20.9018849327974,0.0
1883,B,92.2850607666666,20.8970988542857,0.0
1889,A,92.2879523785714,20.8950896142857,0.0
1891,B,92.2909840333333,20.892271114035,0.0
1897,B,92.2957180800539,20.8901584525606,0.0
1902,A,92.2987158890295,20.8845667240506,0.0
1904,C,92.2981629575949,20.8830704487341,15.073039326363057
1905,C,92.2977774,20.8809852229698,0.0
1970,A,91.1134175204204,23.4865823366366,0.0
1973,A,91.1065069265625,23.49375786875,0.0
1975,A,91.1059203910299,23.4963160192691,0.0
1978,A,91.1056026587096,23.4976150683871,0.0
1981,B,91.0981810436781,23.5111353540229,0.0
1987,C,91.08357801,23.532123766,0.0
1989,A,91.0746609745614,23.5421601087719,0.0
1993,A,91.0663913769688,23.5498664037147,0.0
1997,A,91.0615780033707,23.5555824089887,0.0
2000,A,91.055518708,23.5604191136,0.0
2002,C,91.0551586172043,23.5559566709677,0.0
2004,B,91.0589041898522,23.5739730932019,0.0
2008,A,91.035477270625,23.582051760625,0.0
2013,A,91.0165517525849,23.587878085672,0.0
2015,C,91.0082061759036,23.5909394457831,0.0
2018,A,91.0002488353591,23.594105237569,0.0
2020,A,90.9976162052924,23.5961376844011,0.0
2026,B,90.9886068132183,23.6074609183908,0.0
2028,A,90.9862390168798,23.6096045263427,0.0
2029,A,90.9859215237851,23.6098404598465,0.0
2032,A,90.9775472001394,23.615993353138,0.0
2035,A,90.9732165132471,23.6228564975767,0.0
2040,A,90.9707964104067,23.6334519936602,0.0
2044,A,90.9710499655228,23.6421389039215,0.0
2047,A,90.9712944618075,23.64944876793,0.0
2050,B,90.9792871683257,23.657110863914,0.0
2053,C,90.98123461,23.6582625911764,0.0
2057,A,90.9852248134228,23.6606364852349,0.0
2060,A,90.9909234372093,23.6641292255813,0.0
2062,A,90.9924928071748,23.6651021529148,0.0
2065,A,90.9949959288135,23.6667115322033,0.0
2068,C,91.001111684689,23.6706588358851,0.0
2072,B,91.0052758616438,23.6732779054794,0.0
2073,B,91.0067770538461,23.674231551282,0.0
2075,C,91.01174384112,23.67742905968,0.0
2079,C,91.0178126856948,23.6814348885558,0.0
2083,C,91.02088825,23.6835366416666,0.0
2085,A,91.0256800398998,23.6845080677796,0.0
2090,C,91.0280666458064,23.6884738712903,0.0
2091,A,91.0322015766187,23.6915390710431,0.0
2094,C,91.0372988528735,23.6950746873563,0.0
2098,B,91.042925047577,23.6990813911894,0.0
2102,A,91.0453691457627,23.7008901830508,0.0
2104,A,91.0491655730061,23.7036148380368,0.0
2107,A,91.050450066467,23.7046022718562,0.0
2111,C,91.0544804755344,23.7077014655581,0.0
2114,A,91.0569570697368,23.7097447107142,0.0
2115,A,91.058573425,23.7111220035714,0.0
2118,A,91.0626727449541,23.7144097669724,0.0
2121,A,91.0659238080679,23.7170942278131,0.0
2124,B,91.0713290078947,23.7214400894736,0.0
2128,A,91.0759599153061,23.724717610204,0.0
2133,B,91.0806945739938,23.7319009767801,0.0
2136,A,91.0927929893408,23.7506772992987,0.0
2141,A,91.0972766597014,23.7546766537313,0.0
2144,B,91.0993658110062,23.7564383509433,0.0
2149,A,91.1038290375,23.7602647328125,0.0
2151,A,91.1138816821768,23.7690411118367,0.0
2155,C,91.1196976773195,23.7741250240549,0.0
2159,B,91.1277111458333,23.7808685333333,0.0
2162,B,91.1321336329411,23.7838311994117,0.0
2166,A,91.1426418571709,23.790634972888,0.0
2169,A,91.1456018225806,23.7925664032258,0.0
2172,B,91.1496333468933,23.7993621932004,0.0
2175,B,91.1510109740113,23.8052032218455,0.0
2178,B,91.1525916439024,23.8128512780487,0.0
2183,B,91.1549145893896,23.828311880845,0.0
2186,A,91.1552750851985,23.8307622812274,0.0
2191,B,91.1569792363636,23.8433132090909,0.0
2195,A,91.1564064449375,23.8591413083217,0.0
2199,B,91.1536961703703,23.8618306259259,0.0
2201,C,91.1498322192164,23.8648880315298,0.0
2205,B,91.1409041702282,23.8749941691908,0.0
2211,A,91.1348459710059,23.8853489295858,0.0
2213,A,91.1321742735294,23.8895347735294,0.0
2215,C,91.1310313021008,23.8929316116246,0.0
2221,A,91.1265059537313,23.9037118313432,0.0
2224,A,91.1233226442307,23.913259581065,0.0
2227,A,91.1205320224242,23.921686040606,0.0
2231,B,91.1192338627907,23.9256180593023,0.0
2233,D,91.1168121455635,23.9328134045563,0.0
2237,B,91.1168502819112,23.9472357303754,0.0
2240,C,91.116861673913,23.9529335260869,67.44726898098335
2250,A,91.1013978806034,23.9679353219827,0.0
2257,C,91.109389610084,23.9987492949579,0.0
2262,A,91.1087472335038,24.006973103069,0.0
2263,B,91.1093858267532,24.0102985311688,0.0
2266,A,91.1098735017857,24.0143670857142,0.0
2270,B,91.1118705048128,24.0245823385026,0.0
2273,A,91.1140799386635,24.0426882295942,0.0
2277,A,91.3961485620224,23.009361697528,0.0
2279,B,91.3955118680898,23.0093022701123,0.0
2283,C,91.3741733526627,23.0098384198224,0.0
2288,B,91.3553213033333,23.00486624,0.0
2294,A,91.339993435,22.98388297,0.0
2297,A,91.3383410394736,22.9831354973684,0.0
2302,C,91.3345594866043,22.9725664333333,0.0
2304,A,91.3331859341836,22.9621618217687,0.0
2308,A,91.3271586005333,22.9546105173333,0.0
2313,C,91.318005224375,22.9473724525,0.0
2318,C,91.2988712474048,22.9377824401384,0.0
2324,A,91.2783565768595,22.9406775950413,0.0
2330,A,91.2660078638484,22.9436162237609,0.0
2331,B,91.2636935955224,22.9440589671641,0.0
2335,C,91.2436016935216,22.9518106674418,0.0
2338,C,91.234092125375,22.9571669815,0.0
2343,B,91.2240221080708,22.9574308844488,0.0
2347,A,91.2099171100323,22.9549506453074,0.0
2352,C,91.1883939975609,22.9526646268292,0.0
2355,A,91.1761586894899,22.9499684924265,0.0
2359,B,91.1599462136111,22.9483211833333,0.0
2362,C,91.1496474235294,22.9476941,0.0
2365,B,91.1430588514018,22.9472470542056,0.0
2369,A,91.1260321333333,22.9459525242424,0.0
2377,B,91.1127623422764,22.9451020481707,0.0
2381,A,91.104453648309,22.9406700125474,0.0
2382,A,91.1041743657458,22.9362668298342,0.0
2386,C,91.104168539926,22.9342244369685,0.0
2390,B,91.1032458267924,22.9256782339622,0.0
2393,B,91.1023406859574,22.9210135531914,0.0
2397,D,91.101540877913,22.9097675528695,0.0
2399,A,91.0999670297674,22.9033930767441,0.0
2410,C,91.0969029620689,22.8713671275862,0.0
2413,A,91.0970645,22.8674438,0.0
2418,A,91.0969575561538,22.8644948384615,0.0
2420,B,91.0962115705882,22.8607331215686,0.0
2426,B,91.0970113935135,22.8471995091891,0.0
2427,A,91.0992446418604,22.8385164697674,0.0
2429,B,91.0998638767441,22.8365042056847,0.0
2431,A,91.1006688726053,22.8319003302681,0.0
2440,C,90.5467174752,23.6906082999999,0.0
2442,A,90.5514491,23.69915705,0.0
2445,A,90.5594803060283,23.7070840042553,0.0
2449,A,90.5698255482758,23.7159717017241,0.0
2454,A,90.5830848845744,23.7274051106382,0.0
2456,A,90.5869127247524,23.7307182495049,0.0
2481,A,90.5663002303,23.8167737889,0.0
2483,A,90.5658311477,23.8185418251,0.0
2485,A,90.56447829088,23.82369723648,0.0
2489,A,90.5602806,23.8355697727272,0.0
2494,A,90.5483091571428,23.8370714802955,0.0
2497,A,90.5460680857142,23.8361699204433,0.0
2499,A,90.5390552086956,23.8361566434782,0.0
2500,A,90.5376107768115,23.8377476173913,0.0
2501,A,90.5349312661971,23.8406846291933,0.0
2504,A,90.5300450827232,23.8459770761346,0.0
2506,A,90.5231528789473,23.8536842210526,0.0
2507,A,90.5196998343594,23.8575924656405,0.0
2516,A,90.5065461963249,23.8716508911025,0.0
2517,A,90.504749175822,23.8750783572533,0.0
2519,A,90.5027817831721,23.8788307750483,0.0
2521,A,90.4989862071428,23.8841649488095,0.0
2525,A,90.4963353644067,23.8856211559322,0.0
2527,A,90.4927756864406,23.8858911498789,0.0
2529,A,90.4862561908,23.8877957956,0.0
2530,A,90.4840617126,23.8922016082,0.0
2536,A,90.4819416376425,23.9000311163498,0.0
2539,A,90.4798911319999,23.9039881298947,0.0
2540,A,90.479198144,23.9060116608421,0.0
2542,A,90.4768658055045,23.9087810798165,0.0
2549,A,90.4630523696428,23.9221201867857,0.0
2551,A,90.4623888625,23.9224368625,0.0
2554,A,90.459158330597,23.9240826776119,0.0
2556,A,90.4547073662686,23.9275104349253,0.0
2559,A,90.4503186477612,23.9318303820895,0.0
2566,A,90.4378418447941,23.9413308513317,0.0
2567,A,90.4337640512776,23.9439225614991,0.0
2569,A,90.4296521268551,23.9459245869257,0.0
2571,A,90.4271704026499,23.9469564729428,0.0
2572,A,90.4245716433751,23.9479826676429,0.0
2575,A,90.4188995177489,23.9490639294372,0.0
2576,A,90.4160247248917,23.9494478437229,0.0
2578,A,90.4122093535714,23.950303375,0.0
2580,A,90.4049331287234,23.9520916858156,0.0
2583,A,90.4018066429687,23.9554939148437,0.0
2604,B,90.5157713121621,23.7180650594594,0.0
2623,C,90.5689207170731,23.7853886,0.0
2626,A,90.5739290696261,23.7889337462616,0.0
2630,B,90.5808413907407,23.7976774888888,0.0
2633,B,90.5868510651515,23.8043535636363,0.0
2636,A,90.5946881518201,23.8141318216274,0.0
2641,C,90.5980362409091,23.8175902727272,0.0
2642,C,90.6041620474358,23.8240644910256,0.0
2645,A,90.6093124878048,23.8296726621951,0.0
2648,B,90.6158002716577,23.8361761919786,0.0
2652,A,90.6225475748148,23.8420215152592,0.0
2654,A,90.6272545388217,23.8455601296072,0.0
2657,A,90.6315629367069,23.8498411622356,0.0
2660,B,90.6386719605831,23.8552059112311,0.0
2664,A,90.6523555436532,23.8551351154798,0.0
2666,A,90.65862330625,23.85482810625,0.0
2668,A,90.6636239691729,23.8544541010025,0.0
2671,A,90.6674320528169,23.8538887225352,0.0
2678,A,90.6666340974155,23.8777000377733,0.0
2680,A,90.6664902774193,23.8821253296774,0.0
2686,B,90.6671215770186,23.8936715910973,0.0
2688,B,90.6720957695279,23.8944074858369,0.0
2689,C,90.6744398613725,23.8952390502941,0.0
2693,A,90.68532964,23.9052630964179,0.0
2701,A,90.6971526,23.9219850495049,0.0
2703,A,90.6994088524503,23.9240587152317,0.0
2707,A,90.7049377079207,23.931131565594,0.0
2709,B,90.7082789089108,23.9349686331683,0.0
2711,C,90.7099972916905,23.9397914928366,0.0
2714,A,90.7101259086419,23.9433782305555,0.0
2717,A,90.7111084978549,23.9461092865168,0.0
2720,A,90.7151372139938,23.9534068022471,0.0
2723,A,90.7166429961178,23.9561707439089,0.0
2725,A,90.7189657170013,23.9603680732262,0.0
2728,B,90.7209383751938,23.9639584596899,0.0
2729,A,90.722087436914,23.9659905115234,0.0
2733,A,90.7248602101737,23.970321226799,0.0
2734,B,90.7269674786885,23.972844874473,0.0
2737,B,90.7294643364705,23.975807317647,0.0
2739,A,90.7314758677469,23.9781330395061,0.0
2743,A,90.7330660097222,23.9798693555555,0.0
2745,A,90.7403769,23.9820949046511,0.0
2749,A,90.7463042965517,23.9858674793103,0.0
2752,A,90.7532248432835,23.990556033582,0.0
2754,A,90.7598198171428,23.9941083857142,0.0
2757,A,90.7631233928571,23.9959048614285,0.0
2760,A,90.7646600762645,23.9967209346303,0.0
2763,A,90.7668094552631,23.9978465210526,0.0
2765,A,90.7721521084745,24.0004307077966,0.0
2767,A,90.7803512152381,24.0029299085714,0.0
2770,A,90.7897196461956,24.0070461755434,0.0
2774,A,90.7929978532786,24.0092648319672,0.0
2777,A,90.8047933831081,24.017088827027,0.0
2779,A,90.8106968749999,24.02083753125,0.0
2782,A,90.8196663277397,24.0265370705479,0.0
2785,A,90.8239100752212,24.0292368238938,0.0
2787,A,90.82998264,24.03293827,0.0
2792,A,90.836181023897,24.0367807158088,0.0
2795,A,90.839737291866,24.0388256425837,0.0
2797,B,90.8435872876237,24.0402499861386,0.0
2801,A,90.8492013705128,24.0415876141025,0.0
2802,A,90.8507908529411,24.0419424588235,0.0
2804,B,90.8544734826241,24.0427281904255,0.0
2807,C,90.8627111031847,24.0473250375796,0.0
2809,C,90.8621389,24.0469163,0.0
2812,A,90.86466112,24.0488598266666,0.0
2815,A,90.8662369438095,24.0499496980952,0.0
2819,A,90.8748203075342,24.0514739136986,0.0
2822,A,90.8794649810679,24.0515123332524,0.0
2825,A,90.8867556359999,24.051945936,0.0
2828,A,90.8995070612359,24.0529865382022,0.0
2832,A,90.9042270932584,24.0533500728089,0.0
2837,A,90.9171551633663,24.0543720039603,0.0
2838,A,90.9219844076923,24.0547692461538,0.0
2844,A,90.9403576433962,24.0560775943396,0.0
2848,A,90.9466630574394,24.0566190626297,0.0
2850,A,90.94963869,24.05680001,0.0
2854,B,90.9566094040678,24.0571261871186,0.0
2858,C,90.9618464976744,24.0575284209302,0.0
2860,A,90.9696097102564,24.0570292230769,0.0
2861,B,90.9702615688984,24.0569460077753,0.0
2862,A,90.9703191637149,24.0569370090712,0.0
2865,A,90.9715766505399,24.056740537365,0.0
2867,C,90.9749282241758,24.0562322813186,0.0
2868,A,90.9758210810631,24.0561301760797,0.0
2876,A,90.9899559638888,24.0510367472222,0.0
2878,A,90.9917788393501,24.0487508700361,0.0
2881,A,91.002856945,24.0389204749999,0.0
2882,A,91.00294548875,24.03890138125,0.0
2883,B,91.0073885975903,24.0372837831325,0.0
2884,A,91.0078243349397,24.0371713445783,0.0
2887,A,91.0141653302583,24.0361734756457,0.0
2889,C,91.0167899586206,24.036609297318,0.0
2894,C,91.0192405388316,24.0370228044673,0.0
2896,C,91.0249768686747,24.0381318831325,0.0
2900,A,91.0283545969512,24.0387242460365,0.0
2902,A,91.029738534756,24.0389837051829,0.0
2905,A,91.0313271862608,24.0393066780869,0.0
2908,A,91.0418025459574,24.0413173178723,0.0
2913,A,91.0514490347732,24.0429516049676,0.0
2914,A,91.0572613235421,24.0436153462203,0.0
2915,A,91.0574751535637,24.0436397647948,0.0
2919,A,91.0678533509803,24.0448417137254,0.0
2922,A,91.0717645204391,24.0453431709459,0.0
2925,B,91.0871321797969,24.0472281396954,0.0
2928,A,91.0917317660899,24.0477840564013,0.0
2930,A,91.101047168,24.0488999558947,0.0
2936,A,91.1150526926666,24.0569775626666,0.0
2940,A,91.1240952818181,24.0577411621212,0.0
2945,C,91.1335655494926,24.0564689616685,0.0
2947,A,91.1409459727838,24.0555222130637,0.0
2951,C,91.1461905260355,24.0548028893491,0.0
2956,B,91.1550920076824,24.0537436912932,0.0
2957,A,91.1618387292217,24.0529286690161,0.0
2961,A,91.166790652071,24.0523182005917,0.0
2962,A,91.1669109218934,24.0523004491124,0.0
2966,C,91.1748803058741,24.0490325114685,0.0
2968,A,91.1772486309178,24.0444605850241,0.0
2970,C,91.1858224356608,24.0427906760598,0.0
2976,A,91.1957517562814,24.0429401919598,0.0
2980,A,91.200538271134,24.0430772680412,0.0
2981,C,91.2045500397094,24.0429702404358,0.0
2984,B,91.2101575271111,24.0407262413333,0.0
2988,A,91.2176082783418,24.043172678511,0.0
2990,C,91.2138333,24.0419719,0.0
2991,A,91.2178701375634,24.0432555888324,0.0
2997,A,91.2390337290381,24.0498387163339,0.0
3001,A,91.2438914899799,24.057338552505,0.0
3004,A,91.2530700166065,24.065947923225,0.0
3009,B,91.256625424852,24.0691040355029,0.0
3010,A,91.2603098812854,24.072462410775,0.0
3012,A,91.2661291399141,24.0778696446351,0.0
3017,A,91.2762214315789,24.0822501969473,0.0
3019,A,91.2807562536263,24.0830965810989,0.0
3021,A,91.2840123147971,24.0852408324582,0.0
3024,B,91.2885035489301,24.0909137298145,0.0
3028,A,91.2911522986301,24.0972482904109,0.0
3031,A,91.2979448987927,24.1042590088531,0.0
3034,C,91.3024099465696,24.1097965209979,0.0
3039,A,91.310849880808,24.1178998672727,0.0
3043,B,91.3167782581947,24.1243593059382,0.0
3045,A,91.3222117568138,24.1327827852207,0.0
3050,A,91.3250301847682,24.1391103339955,0.0
3054,A,91.3335726396475,24.1440329295154,0.0
3058,B,91.3420528395136,24.1463656258358,0.0
3062,A,91.3440217214953,24.1468901205607,0.0
3063,A,91.3458216457317,24.1475431932926,0.0
3067,C,91.3476775494773,24.1504398675958,0.0
3070,A,91.3487842322033,24.1545094189265,0.0
3073,A,91.348830879661,24.1562806240113,0.0
3075,A,91.3489047233128,24.158845592638,0.0
3077,A,91.3489536829351,24.1607536901023,0.0
3078,A,91.3490109626373,24.1626046967032,0.0
3081,A,91.3490274,24.1656872448275,0.0
3083,B,91.3490274,24.1671222482758,0.0
3084,A,91.3490274,24.1698043993902,0.0
3089,A,91.3490552,24.1720276505154,0.0
3091,A,91.3493166873661,24.1762611963597,0.0
3095,A,91.3501544568,24.1824936827999,0.0
3096,A,91.350516708,24.188343818,0.0
3099,A,91.3505278,24.1914097549132,0.0
3101,A,91.3507017061425,24.1957657783783,0.0
3103,A,91.3511658801864,24.1995860414918,0.0
3106,A,91.3514541310023,24.2014256480186,0.0
3108,A,91.3525778725806,24.2054472164516,0.0
3109,A,91.3531927209677,24.2066638674193,0.0
3111,A,91.3544752496551,24.2085601744827,0.0
3115,A,91.3569636109263,24.2120458313539,0.0
3119,A,91.3608968426153,24.2166045893846,0.0
3121,A,91.3618835066153,24.2176577813846,0.0
3122,A,91.3629662360759,24.2188854253164,0.0
3125,A,91.3639615960674,24.2206161977528,0.0
3128,A,91.3647176883248,24.223148515736,0.0
3129,A,91.3652380040089,24.2270687986636,0.0
3131,A,91.3655151567928,24.227627081069,0.0
3133,A,91.3660478097995,24.2287000300668,0.0
3137,A,91.3672956666666,24.2324161,0.0
3138,A,91.3675381501165,24.2333514895104,0.0
3140,A,91.3683910708092,24.2373891878612,0.0
3144,A,91.3690145280397,24.240104416129,0.0
3146,A,91.370552332392,24.2453919661129,0.0
3149,A,91.3715551882857,24.2483684288571,0.0
3150,A,91.3728521116417,24.2510285976119,0.0
3153,A,91.3747529907407,24.2539687209876,0.0
3155,A,91.376727700573,24.2565296885386,0.0
3157,A,91.3782461,24.2588610764705,0.0
3160,A,91.3788860833333,24.2599490343137,0.0
3161,B,91.3809022189091,24.2634051199999,0.0
3164,B,91.3820406225454,24.26536022,0.0
3166,A,91.3837600983706,24.2686782376782,0.0
3170,A,91.3898493161512,24.2711294189003,0.0
3171,A,91.3905732520618,24.2710992577319,0.0
3174,A,91.3925544780701,24.271147972807,0.0
3176,A,91.401614395099,24.2751897880083,0.0
3180,A,91.4055143225806,24.2773317548387,0.0
3182,A,91.4070782357526,24.2780997618279,0.0
3184,A,91.4088715715736,24.279101528934,0.0
3188,A,91.4156858947214,24.2814709744868,0.0
3190,A,91.4208976749999,24.2821628568181,0.0
3196,A,91.4334974258,24.2803280718,0.0
3199,A,91.4426206203389,24.2775398508474,0.0
3200,A,91.4462022466257,24.2741830466257,0.0
3203,A,91.4493102099378,24.2708890745341,0.0
3204,A,91.4528306338709,24.2677720459677,0.0
3208,A,91.4570746332665,24.2664690763527,0.0
3211,A,91.4619911426853,24.2666905404809,0.0
3214,A,91.4681518884058,24.26701275314,0.0
3215,A,91.4721012037433,24.267181867647,0.0
3219,C,91.477247111746,24.2682615092063,0.0
3224,A,91.4859254584218,24.2788063459787,0.0
3229,C,91.4960359530054,24.2849281019125,0.0
3232,C,91.498186313669,24.2862366482014,0.0
3235,A,91.5037113124555,24.2894247427046,0.0
3239,A,91.5105355840764,24.2957942312101,0.0
3241,A,91.5112349405405,24.2980267513513,0.0
3243,A,91.5120214666666,24.3005804944444,0.0
3246,A,91.5151219766037,24.3044037630188,0.0
3248,A,91.5172712955801,24.3060840624309,0.0
3251,A,91.5207181905579,24.3110669081545,0.0
3252,A,91.5259613753676,24.3164647349264,0.0
3254,A,91.5287664185468,24.3203282296367,0.0
3259,A,91.5311234110144,24.3247602855072,0.0
3261,A,91.5331031047328,24.3312803529771,0.0
3264,A,91.5335158554809,24.3341146691275,0.0
3265,A,91.5335489120805,24.3350321013422,0.0
3267,A,91.533637784507,24.336938656338,0.0
3270,A,91.5342658385474,24.3404050044692,0.0
3273,A,91.5348688464705,24.3433336647058,0.0
3274,A,91.535338464918,24.3460083301639,0.0
3278,B,91.5364728952514,24.3513919662011,0.0
3281,A,91.5378453265363,24.353358471229,0.0
3285,A,91.541595982967,24.3603485835164,0.0
3286,A,91.5434295729075,24.3658315268722,0.0
3289,A,91.5458229199324,24.3706725638513,0.0
3294,A,91.5479881959999,24.375087492,0.0
3295,B,91.5502040260869,24.3795572061594,0.0
3300,A,91.5555251338308,24.3880408606965,0.0
3303,A,91.5572534884577,24.3904946851741,0.0
3305,A,91.559311695704,24.3935938551312,0.0
3306,A,91.5603294575179,24.3951472785202,0.0
3308,A,91.5619265475524,24.3975406188811,0.0
3310,A,91.5637976106024,24.4007885722891,0.0
3312,A,91.5644229831325,24.4033296759036,0.0
3316,C,91.564704447619,24.4049280183673,0.0
3318,A,91.5649167,24.4074136345454,0.0
3320,A,91.5656558636771,24.4140835484304,0.0
3322,A,91.5658325408071,24.4151244789237,0.0
3325,A,91.5661546906383,24.4167952587234,0.0
3328,A,91.566530054468,24.4181416810638,0.0
3330,A,91.5669151051063,24.4195228497872,0.0
3332,A,91.5674789866242,24.4217445923566,0.0
3333,B,91.5678518695312,24.4234977390625,0.0
3335,A,91.5681423769784,24.4250990697841,0.0
3337,A,91.5682493,24.4263984578947,0.0
3339,A,91.5680705123287,24.4281701972602,0.0
3341,A,91.5682721556923,24.4313035135384,0.0
3346,A,91.5690115372262,24.4361217182481,0.0
3348,A,91.5690434724452,24.4365254536496,0.0
3351,A,91.5693417170658,24.4395974278443,0.0
3354,B,91.5699314031948,24.4424559766773,0.0
3357,A,91.570235385623,24.443696154952,0.0
3359,A,91.5706034625,24.445194125,0.0
3361,B,91.5716560781609,24.4501527896551,0.0
3363,A,91.5717224827586,24.4506177055172,0.0
3365,C,91.571991247826,24.4526561768115,0.0
3368,A,91.5721536333333,24.4541419777777,0.0
3369,A,91.5723666335294,24.45653135,0.0
3372,A,91.5724525055555,24.4579264018518,0.0
3375,A,91.5743585863247,24.4608792840455,0.0
3377,A,91.5740361649572,24.4617237091168,0.0
3378,B,91.5735381040307,24.466550890595,0.0
3383,A,91.5737849,24.4704585597122,0.0
3387,A,91.5741577301886,24.4725347879245,0.0
3389,A,91.575464475,24.4770775101123,0.0
3391,A,91.5761610622222,24.4794337744444,0.0
3393,A,91.5767708221818,24.4814468338181,0.0
3396,A,91.5770868749999,24.4824674932203,0.0
3398,A,91.5774343499999,24.4835534372881,0.0
3399,A,91.5778273568,24.4848054,0.0
3402,A,91.5780233379032,24.4854467548387,0.0
3403,A,91.5783062725,24.486413515,0.0
3405,B,91.5789598972973,24.4885601135135,0.0
3409,A,91.5795270639639,24.4901457801801,0.0
3410,A,91.5797018126126,24.4906343369369,0.0
3412,A,91.5798949558558,24.4911743207207,0.0
3415,A,91.5801058527607,24.4918345656441,0.0
3417,A,91.580212188957,24.4922435374233,0.0
3418,A,91.58044936,24.4932941,0.0
3421,A,91.5806043467532,24.4941079181818,0.0
3422,A,91.5809073453125,24.4955773499999,0.0
3424,A,91.5810160981132,24.4959619037735,0.0
3427,A,91.5812105848484,24.4963312878787,0.0
3429,A,91.5818527729927,24.497229189051,0.0
3431,A,91.5832250576271,24.4992986288135,0.0
3435,A,91.5841392236024,24.502660242236,0.0
3436,A,91.5843007465838,24.5033331254658,0.0
3438,A,91.5846028043668,24.5044876296943,0.0
3440,A,91.5849007902439,24.5056572195121,0.0
3442,B,91.5851694478753,24.5087642787535,0.0
3445,A,91.5854254884931,24.5131358463013,0.0
3447,A,91.5873842038297,24.5168538676595,0.0
3449,C,91.5884815834042,24.5184747068085,0.0
3451,A,91.5894264,24.5206499878787,0.0
3454,A,91.5898953027027,24.5223086648648,0.0
3456,A,91.5914764,24.5247145735294,0.0
3461,A,91.593348681672,24.5267243202572,0.0
3462,A,91.5949617545454,24.5284943,0.0
3464,A,91.5965079154929,24.5307071086267,0.0
3467,A,91.5973920746478,24.532090356338,0.0
3468,A,91.5980638380281,24.5331413154929,0.0
3469,A,91.5985786733333,24.5339027933333,0.0
3471,A,91.5993538681818,24.5349371863636,0.0
3473,A,91.6008813493055,24.5364691756944,0.0
3476,A,91.6019300027397,24.5375464945205,0.0
3477,A,91.603290539759,24.5389682042168,0.0
3479,A,91.6040706245454,24.5399200168181,0.0
3483,A,91.604426920909,24.5413243013636,0.0
3486,A,91.60503860625,24.5447663515625,0.0
3488,A,91.6055338144404,24.5483984198555,0.0
3491,A,91.6051327222222,24.5538117333333,0.0
3492,A,91.6042349698795,24.5563212867469,0.0
3499,A,91.603326676167,24.5599036621621,0.0
3501,A,91.6027597478723,24.5632233787234,0.0
3505,B,91.6028545361111,24.5692888569444,0.0
3509,A,91.6013152996533,24.5745843558058,0.0
3511,A,91.5983351140127,24.5795099869426,0.0
3515,A,91.5985958384615,24.5816830692307,0.0
3517,A,91.599277664609,24.5836701316872,0.0
3521,A,91.6001921190476,24.5863819365079,0.0
3522,A,91.6009201830039,24.5885249897233,0.0
3526,A,91.6016046612334,24.5914193656387,0.0
3528,A,91.6034229986486,24.5941786179054,0.0
3531,A,91.6068250866666,24.5955928681481,0.0
3533,A,91.6095949041666,24.5960083458333,0.0
3535,A,91.6147355582627,24.5998860326271,0.0
3539,A,91.6165726634218,24.6028647873156,0.0
3542,A,91.6174350115044,24.6037571176991,0.0
3544,B,91.6203718825396,24.6062625912698,0.0
3547,A,91.6253431018121,24.6097583136738,0.0
3548,A,91.6264180296296,24.6104969111111,0.0
3550,A,91.6281579354838,24.6115823221198,0.0
3552,A,91.6333000688705,24.6134489603305,0.0
3558,A,91.6428255248275,24.6129601403448,0.0
3561,A,91.6500632007727,24.6140745760432,0.0
3564,A,91.6587526595744,24.6165611634751,0.0
3568,A,91.6693503512359,24.6233028570786,0.0
3574,A,91.6728787911764,24.6248020161764,0.0
3577,D,91.6784364069182,24.6288681188679,0.0
3580,C,91.6903787815061,24.6415227408637,0.0
3583,A,91.6977646660419,24.648407840904,0.0
3589,A,91.70714688125,24.656635385,0.0
3593,C,91.7113457974576,24.662780118644,0.0
3596,A,91.7150836848225,24.6706609685434,0.0
3601,A,91.7206583672527,24.6772225292307,0.0
3604,A,91.7225590851063,24.6795501243161,0.0
3606,A,91.7236054080267,24.6822022946488,0.0
3608,A,91.7242745666666,24.6859501977011,0.0
3611,A,91.7246218198347,24.6882736330578,0.0
3615,A,91.7258301636363,24.6935754,0.0
3617,A,91.7268997967153,24.6967371740875,0.0
3620,A,91.7295576326949,24.7027914109439,0.0
3622,A,91.738036475238,24.7097024171428,0.0
3626,A,91.7528962439024,24.7227593736585,0.0
3632,A,91.7615312862068,24.7285208517241,0.0
3635,A,91.7670452086956,24.732333847826,0.0
3636,A,91.770308831889,24.7351007684575,0.0
3640,A,91.7769755514285,24.74391392,0.0
3645,A,91.7814715783783,24.7526231378378,0.0
3647,A,91.783856277448,24.7609523557863,0.0
3650,A,91.7832041683185,24.7666903148672,0.0
3651,A,91.7829226220224,24.7690868044943,0.0
3655,A,91.7839060475138,24.7788268613259,0.0
3657,A,91.78514968,24.7850107866666,0.0
3660,A,91.7878536193548,24.789298916129,0.0
3663,A,91.7891350679611,24.7917960135922,0.0
3666,C,91.7895549352381,24.7963586838095,0.0
3668,A,91.7907001164251,24.8056164772946,0.0
3670,A,91.7913065666666,24.8077053683333,0.0
3674,A,91.7924163,24.8118056,0.0
3677,A,91.8130337410486,24.8267532138107,0.0
3681,B,91.820322590909,24.836285,0.0
3685,A,91.821767695356,24.8403764712074,0.0
3687,B,91.8255271,24.8484997,0.0
3691,B,91.8295664935484,24.8515227408602,0.0
3694,A,91.8383490852631,24.858334828421,0.0
3697,A,91.8411284781818,24.8592015054545,0.0
3702,A,91.84667744,24.86088336,0.0
3704,A,91.8518594495867,24.8634841801652,0.0
3709,A,91.8599726838983,24.8681134864406,0.0
3710,A,91.8613151441176,24.8684057867647,0.0
3713,B,91.8631159935999,24.8692639999999,0.0
3714,B,91.8678933810219,24.8741126221897,0.0
3717,A,91.8736601789473,24.8772216,0.0
3722,A,91.8772392090909,24.878804890909,0.0
3724,B,91.8783764886792,24.8804188125786,0.0
3728,A,91.8804856543859,24.8875050368421,0.0
3730,A,91.8801072240614,24.8884239319112,0.0
3731,A,91.8782556518771,24.8928733361774,0.0
3734,A,91.8800680979021,24.8950870496503,0.0
3736,A,91.8820476903225,24.8952917580645,0.0
3737,A,91.8845366813229,24.8953549587548,0.0
3740,A,91.8876442273972,24.8952127506849,0.0
3746,A,91.8978414295172,24.8951960540689,0.0
3748,B,91.9038853933793,24.8965971215172,0.0
3751,A,91.9141317310659,24.9004838676142,0.0
3753,A,91.9192233272727,24.9034995254545,0.0
3755,C,91.9244993,24.9068333,0.0
3758,A,91.9304488272727,24.907088340909,0.0
3760,A,91.9367811967741,24.9132963487096,0.0
3764,C,91.9479415416666,24.9152799929824,0.0
3767,A,91.9474589659685,24.9158000502617,0.0
3770,A,91.949548275,24.9162917,0.0
3773,A,91.9586813941176,24.9198326352941,0.0
3776,A,91.9612989961077,24.9213004799401,0.0
3779,B,91.9708663039024,24.9295749546341,0.0
3782,A,91.9726885854166,24.9306556166666,0.0
3784,A,91.9792028897959,24.9343602183673,0.0
3787,A,91.9842870291012,24.9368928547788,0.0
3790,A,91.9907690666666,24.9390802233333,0.0
3794,A,92.0036719862385,24.9489321688073,0.0
3797,A,92.0074059307332,24.9519106109204,0.0
3801,A,92.0110380172413,24.9565431252873,0.0
3803,A,92.0188172012644,24.9632171586933,0.0
3808,A,92.0240449506591,24.9644971973634,0.0
3811,A,92.0327027454545,24.972570427972,0.0
3814,A,92.0346165762431,24.9749405475138,0.0
3816,A,92.0378282486842,24.9832139243421,0.0
3820,A,92.0422564333333,24.9895894535353,0.0
3824,B,92.0479688080789,25.0015666421903,0.0
3828,B,92.0612778,25.0141111,0.0
3834,B,92.0718327,25.0290827,0.0
3837,B,92.0833473986748,25.0372252050968,0.0
3842,A,92.0958326793871,25.0477883214484,0.0
3846,A,92.1015661610722,25.0529755195804,0.0
3847,A,92.1037795946387,25.0550106020979,0.0
3850,A,92.106074796923,25.0586850830769,0.0
3854,B,92.1106389,25.0675549,0.0
3858,A,92.1135224439801,25.0766582960199,0.0
3861,A,92.1154439123456,25.0828494919753,0.0
3866,B,92.1178653685106,25.0918993080851,0.0
3869,B,92.1184266866071,25.1029213910714,0.0
3873,A,92.1187541410891,25.1081533094059,0.0
3876,A,92.116456976,25.1249710101538,0.0
3880,A,92.1194551408637,25.1294521534883,0.0
3882,A,92.1201892168949,25.1313478931506,0.0
3887,A,92.1200254556034,25.1380087150862,0.0
3891,A,92.1197852261538,25.1403573876923,0.0
3895,A,92.1131659401929,25.1489450385852,0.0
3898,A,92.1089375,25.1519097416666,0.0
3901,A,92.10774235,25.153291990625,0.0
3904,B,92.1061712636363,25.1543902117647,0.0
3908,A,92.1006246171428,25.1585738257142,0.0
3912,A,92.0963799218845,25.1640035167173,0.0
3919,A,92.0565114738444,25.1774750914317,0.0
3923,A,92.0548542224719,25.1766924977528,0.0
3927,A,92.0373825433,25.1805371036,0.0
3929,A,92.0341771369565,25.1800310711304,0.0
3930,A,92.0335532021739,25.1798028154782,0.0
3932,A,92.0299482456521,25.1784840050434,0.0
3934,A,92.0283203398437,25.1779677792968,0.0
3936,A,92.0272605002252,25.1756381878378,0.0
3938,A,92.0243239025,25.1738720003125,0.0
3940,A,92.0200653771587,25.1719930100278,0.0
3942,A,92.0187264584415,25.1710493298701,0.0
3953,C,91.3513885729411,24.1483513223529,0.0
3955,A,91.3513056,24.1460274,0.0
3959,C,91.351173349468,24.1440821457446,0.0
3960,C,91.3513269466101,24.1399384199152,0.0
3964,B,91.3515720851063,24.137325874468,0.0
3967,B,91.3519830913043,24.133010247826,0.0
3968,A,91.3568863291666,24.1317018708333,0.0
3980,B,91.4118574967391,24.1243226673913,0.0
3985,C,91.4296905115899,24.1283500108469,0.0
3987,B,91.4313808651376,24.1284882822629,0.0
3993,A,91.4423497656884,24.1269881471783,0.0
3995,A,91.4458047247191,24.1274120811235,0.0
3997,A,91.4517330222222,24.1273411472222,0.0
4004,A,91.4638946958333,24.1279958833333,0.0
4016,A,91.4769832413223,24.1347618442975,0.0
4018,B,91.4802721260273,24.1386739041095,0.0
4019,A,91.4828513293064,24.1419110689038,0.0
4020,A,91.4833719864541,24.1441099924302,0.0
4022,D,91.4842855955555,24.1465048430246,0.0
4034,A,91.4997288539094,24.1716916979423,0.0
4037,B,91.5013953175257,24.1728034680412,0.0
4047,A,91.5178729857645,24.1927544625659,0.0
4055,A,91.514959856,24.205744452,0.0
4058,A,91.5103160174778,24.216335567146,0.0
4062,A,91.5084985463917,24.2211204886597,0.0
4063,C,91.50607404,24.22752708,0.0
4066,C,91.5048860034482,24.2307384885057,0.0
4068,A,91.5041160782178,24.2327630148514,0.0
4071,A,91.4938451476554,24.2498957785169,0.0
4072,C,91.4912738641025,24.252372476923,0.0
4073,A,91.4823212063492,24.2615947936507,0.0
4074,A,91.4769444444444,24.2665833333333,0.0
4078,B,91.5136515090909,24.2975653090909,0.0
4082,C,91.5238512,24.2958515333333,0.0
4086,C,91.5369584564389,24.2936824758118,0.0
4090,C,91.53801353,24.29346909,0.0
4093,B,91.5463403184241,24.2929746358053,0.0
4096,A,91.556742271,24.2910251343,0.0
4100,A,91.574672934,24.2916021329999,0.0
4103,C,91.5849324290322,24.2949199064516,0.0
4106,A,91.5876824290322,24.2946699064516,0.0
4118,A,91.6346008481927,24.2984179472289,0.0
4125,A,91.6697533697297,24.3026297718918,0.0
4127,B,91.6744709821192,24.3035721561258,0.0
4131,A,91.6803233958333,24.3047870583333,0.0
4133,A,91.6816877543478,24.305,0.0
4138,B,91.6909447221183,24.3028246239875,0.0
4140,A,91.694037302028,24.3021267627145,0.0
4146,A,91.718743080597,24.3026894492537,0.0
4149,A,91.7268245585365,24.308473604878,0.0
4153,A,91.7338615380281,24.3148273859154,0.0
4156,B,91.7348273544303,24.317132956962,0.0
4159,B,91.7353931871559,24.3191274752293,0.0
4160,B,91.7358977987012,24.3210013603896,0.0
4163,A,91.7365835572916,24.3237326034722,0.0
4165,B,91.7377560313993,24.3287690327645,0.0
4167,B,91.7385249161383,24.3315848247838,0.0
4171,A,91.7409547549098,24.3385789807615,0.0
4174,A,91.7425135340909,24.3416805704545,0.0
4176,A,91.744450843216,24.3448097331658,0.0
4180,A,91.7469190459302,24.3509527982558,0.0
4181,A,91.7473858540697,24.3523805017441,0.0
4186,C,91.7484165704545,24.3566285795454,0.0
4187,A,91.7492528948052,24.3566587376623,0.0
4190,C,91.7496340589285,24.3645064696428,0.0
4195,D,91.7506045882352,24.3789127764705,0.0
4197,B,91.7510715923077,24.3811687153846,0.0
4199,A,91.7516449275193,24.3831426174418,0.0
4202,A,91.7528032959302,24.3861785622093,0.0
4204,A,91.7541470373015,24.392633247619,0.0
4208,B,91.7547247538057,24.4069581228346,0.0
4211,C,91.7554992199999,24.4118841371428,0.0
4215,C,91.7581146066869,24.4213619662614,0.0
4217,A,91.7587345690322,24.4253464277419,0.0
4220,B,91.7599885793478,24.4324327298136,0.0
4221,B,91.7606149136,24.4344581768,0.0
4224,A,91.7616406807692,24.4373992282051,0.0
4226,A,91.761389928702,24.4420875409506,0.0
4230,A,91.761556406422,24.4470836140672,0.0
4231,D,91.7617664030303,24.449320990909,0.0
4235,A,91.7623701295454,24.4541704522727,0.0
4236,A,91.7631234060721,24.4588000421252,0.0
4240,C,91.765181227521,24.467388932563,0.0
4242,C,91.7654722,24.4725021692982,0.0
4258,A,91.7290081520161,24.5175016985887,0.0
4260,A,91.7305775095768,24.5208328080178,0.0
4263,A,91.7312901459183,24.5234148255102,0.0
4265,A,91.7338338072874,24.5330325989878,0.0
4271,A,91.725062151773,24.5590697078014,0.0
4275,A,91.7225902527272,24.5635737690909,0.0
4280,A,91.7076751692307,24.5775646793522,0.0
4285,C,91.6961702597156,24.5768487388625,0.0
4287,A,91.695588056635,24.5767403265402,0.0
4289,A,91.6920053520408,24.5761574724489,0.0
4292,A,91.6874648426742,24.581026166714,0.0
4296,B,91.683912972549,24.5895319899159,0.0
4301,B,91.6813553397459,24.5945575831216,0.0
4304,A,91.6795897298029,24.607155034729,0.0
4307,A,91.6780914421052,24.6226280342105,0.0
4310,A,91.770249575,24.47419518,0.0
4311,A,91.7721055005,24.4753160084,0.0
4313,A,91.7757850455737,24.4756387468852,0.0
4317,A,91.7769872719057,24.483871294499,0.0
4322,A,91.7742413077419,24.4935009116129,0.0
4326,A,91.7735831319739,24.4979334662316,0.0
4328,A,91.7783028721044,24.5004594350734,0.0
4331,A,91.7856329349869,24.5027170428198,0.0
4333,A,91.7901272894291,24.503549793446,0.0
4335,A,91.7965518565217,24.5032282206521,0.0
4338,A,91.800799438983,24.5027773288135,0.0
4343,A,91.8163581428571,24.5008222457142,0.0
4346,B,91.8240557973977,24.5036395581784,0.0
4349,A,91.8284580818181,24.505384690909,0.0
4352,A,91.8316343176991,24.5064815761061,0.0
4354,A,91.8414623375394,24.5124195867507,0.0
4356,A,91.8428236230769,24.5132529514792,0.0
4359,A,91.8469537032786,24.5157072131147,0.0
4363,A,91.8593221256609,24.5179152855365,0.0
4368,B,91.8637972337662,24.5236022391774,0.0
4370,A,91.8653194604166,24.5262117229166,0.0
4373,A,91.8690842406542,24.5335874383177,0.0
4376,B,91.8694340488372,24.5350313139534,0.0
4379,A,91.8740851398437,24.5409933507812,0.0
4381,A,91.8765472294117,24.5437635299019,0.0
4385,A,91.8820459853913,24.5569153300869,0.0
4390,A,91.8855364854237,24.5672186684745,0.0
4392,A,91.8878903540415,24.5711453230946,0.0
4394,B,91.88852223125,24.57221805625,0.0
4398,A,91.8903201307086,24.576770323622,0.0
4401,B,91.8945694766712,24.58737143206,0.0
4403,A,91.8950645921348,24.5888742039325,0.0
4407,A,91.8975248802325,24.5923768999999,0.0
4410,A,91.8983419958083,24.594668972455,0.0
4411,A,91.898555057485,24.595673463473,0.0
4417,C,91.8998952804347,24.5999345760869,0.0
4418,A,91.9013600653206,24.6033544798099,0.0
4420,B,91.9029680929961,24.6067137696498,0.0
4423,D,91.9043834297052,24.6102586909297,0.0
4425,B,91.9050254043478,24.6119214999999,0.0
4429,A,91.9059871615384,24.6141944615384,0.0
4433,B,91.9075444319908,24.6217277330264,0.0
4434,B,91.9077574901035,24.6231050034522,0.0
4437,A,91.9091511108695,24.6285424533596,0.0
4440,B,91.9094014152174,24.6294561656126,0.0
4441,A,91.9095551108695,24.630017216996,0.0
4444,A,91.9094825938775,24.6307483918367,0.0
4447,A,91.9114408118181,24.6332769196969,0.0
4449,A,91.9134225609271,24.6350410278145,0.0
4450,B,91.9146634043478,24.637081747826,0.0
4452,A,91.9158721621145,24.6400450955947,0.0
4454,A,91.9160698907489,24.6409225942731,0.0
4457,A,91.9164382294573,24.6431427767441,0.0
4461,A,91.9174339149606,24.6468765480314,0.0
4462,A,91.9202693561753,24.6503032980079,0.0
4466,A,91.9228228581453,24.6527586526315,0.0
4468,A,91.9237105223057,24.6539540210526,0.0
4470,A,91.9243298059322,24.6556954305084,0.0
4472,A,91.9254406734219,24.6580180704318,0.0
4474,A,91.9257106676012,24.6620571797507,0.0
4476,A,91.9257768404984,24.6643521003115,0.0
4478,A,91.92633687751,24.6661266236947,0.0
4483,A,91.9273322820689,24.6678742220689,0.0
4486,A,91.9287101637055,24.6710678535533,0.0
4489,A,91.9300950531772,24.678420522408,0.0
4491,A,91.9302276872909,24.6802589103678,0.0
4492,A,91.9303621863414,24.6823478395121,0.0
4494,A,91.9304212046025,24.6834043656903,0.0
4498,C,91.9306523360655,24.685883104918,15.085177559492989
4499,A,91.9309900888888,24.6870829666666,0.0
4502,A,91.9313927788235,24.6884378858823,0.0
4504,A,91.9318413633165,24.6900430914572,0.0
4506,A,91.9324731877419,24.6915715406451,0.0
4510,A,91.933520507438,24.6933711314049,0.0
4512,A,91.9334248307692,24.6937432846153,0.0
4513,B,91.9290493339527,24.7025746324324,0.0
4518,B,91.9284881404145,24.7140372792746,0.0
4521,A,91.9274023165271,24.7299004437238,0.0
4526,B,91.9246244167368,24.7385651742105,0.0
4528,B,91.9226249174957,24.7440140336192,0.0
4530,B,91.9199961492823,24.7514980282296,0.0
4537,B,91.9151637269,24.7659215057,0.0
4540,A,91.912933685891,24.775450445297,0.0
4543,A,91.9104531212553,24.783233574037,0.0
4545,A,91.9096244911764,24.7892091882352,0.0
4552,A,91.91226345,24.8001608595,0.0
4558,A,91.9014922777777,24.8243342277777,0.0
4561,B,91.899333612987,24.831194277922,0.0
4569,A,91.8850362789189,24.8586061783783,0.0
4573,B,91.8753333333333,24.8780833333333,0.0
